https://twitter.com/search?q=%23KASHMIR,#KASHMIR - Twitter Search / Twitter,"Official Twitter feed of Rising Kashmir, Kashmir's No. 1 English Daily Newspaper owned by Kashmir Media House. Submissions to editpage@risingkashmir.com."
https://twitter.com/greaterkashmir,Greater Kashmir (@GreaterKashmir) / Twitter,"Official Twitter account of Greater Kashmir, the largest circulated English daily of J&K, published by GK Communications Pvt Ltd."
https://twitter.com/kashmirlife,Kashmir Life (@KashmirLife) / Twitter,"Official twitter handle of Kashmir Life. The Leading Weekly News Magazine of Jammu and Kashmir and 24x7 News Website. Srinagar, Kashmir. kashmirlife.net ..."
https://twitter.com/hashtag/kashmir,#kashmir - Twitter Search / Twitter,"Official Twitter account of Greater Kashmir, the largest circulated English daily of J&K, published by GK Communications Pvt Ltd."
https://twitter.com/wakashmir,All About Kashmir (@wakashmir) / Twitter,"Representing Kashmir, Our Aim is to Highlight the natural Beauty of our paradise kashmir in World...... follow Us...... Srinagar Jammu And Kashmir ..."
https://twitter.com/knskashmir,Kashmir News Service (@KNSKashmir) / Twitter,"Official Twitter handle of Kashmir News Service Pvt Ltd.multi-media news agency ... Police launches bung destruction drives in Handwara, Sopore #Kashmir # ..."
https://twitter.com/tkwmag,The Kashmir Walla (@tkwmag) / Twitter,"The Kashmir Walla is a magazine of politics, culture, and society. Support us here: https://bit.ly/2znda65. Media & News Company Srinagar ..."
https://twitter.com/risingkashmir,Rising Kashmir (@RisingKashmir) / Twitter,"Official Twitter feed of Rising Kashmir, Kashmir's No. 1 English Daily Newspaper owned by Kashmir Media House. Submissions to editpage@risingkashmir.com."
https://mobile.twitter.com/jandktourism/with_replies,Tweets with replies by Jammu & Kashmir Tourism ... - Twitter,Jammu & Kashmir Tourism. @JandKTourism. Official Twitter handle of Jammu & Kashmir Tourism. Facebook Page- JKTourismOfficial Instagram Handle- ...
https://twitter.com/kashmirpolice,Kashmir Zone Police (@KashmirPolice) / Twitter,
https://twitter.com/jindadilkashmir,zindadilkashmir (@jindadilkashmir) / Twitter,#Kashmir marks its notch in #education The National Institute of Technology (NIT) #Srinagar has secured 59th rank in #Indian Institutional Framework Ranking- ...
https://twitter.com/thewire_in/status/1423223856827756545,"The Wire on Twitter: ""7. An Uneasy Quiet in Kashmir Is No ...",
https://mobile.twitter.com/search?src=hashtag_click&q=%23KASHMIR,#KASHMIR - Twitter Search / Twitter,"Official Twitter account of Greater Kashmir, the largest circulated English daily of J&K, published by GK Communications Pvt Ltd."
https://twitter.com/ehsaaskashmir,Ehsaas-e-Kashmir (@EhsaasKashmir) / Twitter,"We bring out positive vibes and interesting facts about kashmir valley, which are unseen, untouched and unknown. Photographer ..."
https://twitter.com/ShashiTharoor/status/1229362528230072320?ref_src=twsrc%5Etfw,"Shashi Tharoor on Twitter: ""If things are fine in #Kashmir ...","If things are fine in #Kashmir, shouldn't the Govt encourage critics to witness the situation themselves to put their fears to rest?"
https://twitter.com/ANI/status/1193399764655591426?ref_src=twsrc%5Etfw,"ANI on Twitter: ""Srinagar in Jammu and Kashmir received ...",
https://mobile.twitter.com/wakashmir/with_replies,Tweets with replies by All About Kashmir (@wakashmir) / ...,"Representing Kashmir, Our Aim is to Highlight the natural Beauty of our paradise kashmir in World...... follow Us...... Srinagar Jammu And Kashmir ..."
https://twitter.com/adityarajkaul/status/1514507331316244487,"Aditya Raj Kaul on Twitter: ""Islamist terrorists in Kashmir are ...",Islamist terrorists in Kashmir are sending fresh threats to Kashmiri Pandits. Not the first time that minority Hindus have been threatened by fringe isolated ...
https://twitter.com/oic_oci/status/1513474188207603717,"OIC on Twitter: ""The President of Azad Jammu &amp; Kashmir ...","#Hissein_Brahim_Taha received today Barrister Sultan Mehmood Chaudhry, President of Azad Jammu and Kashmir. During the meeting, the Secretary-General reiterated ..."
https://mobile.twitter.com/places/141221f1fc400000,"Srinagar, Jammu & Kashmir - Twitter",Presented a book titled Modi@20 to Vice Chancellor Kashmir University Nelofar Khan and Principal Amar Singh College Srinagar Bashir Ahmed in thei office ...
https://twitter.com/kashmir_weather,Kashmir Weather (@Kashmir_Weather) / Twitter,"Winter 2021-22 was warmer by 0.25°C in Kashmir, as compared to winter 2020-21. Jammu was warmer by 1.3°C, Ladakh was colder by 0.55°C Surprisingly, ..."
https://twitter.com/kashmirarchives,Kashmir Archives (@kashmirArchives) / Twitter,"""Hum Cheen Kar Lenge Azadi, Tera Baap Bhi Dega Azadi"" This is from Mirpur in Pakistan occupied Kashmir. Karma never loses an address. Pakistan is getting the ..."
https://twitter.com/javedrather20,Patriotic Kashmiri (@JavedRather20) / Twitter,"Anantnag, Jammu & Kashmir Joined November 2020 ... Celebrations in #Kashmir y'day on Indian Victory over Pakistan in cricket!! Isn't this video a testimony ..."
https://twitter.com/ungeneva/status/1291403666050568194,"UN Geneva on Twitter: ""#Kashmir: independent human rights ...",
https://twitter.com/kashmir_mirror,Kashmir Mirror (@Kashmir_Mirror) / Twitter,"Kashmir Mirror is a news platform based in Srinagar, Which operates its services throughout the Jammu and Kashmir. Contact: Kashmirmirror.com@gmail.com."
https://twitter.com/IndiaUNGeneva/status/1160259450659196929?ref_src=twsrc%5Etfw,"India at UN, Geneva on Twitter: ""Important: For authentic ...","Important: For authentic information from #Kashmir, please follow the following #Twitter handles: 1) DC Srinagar: @listenshahid. 2) SSP Security:."
https://twitter.com/kashmirpatriot,Kashmir Patriot (@KashmirPatriot) / Twitter,Kashmir Patriot. @KashmirPatriot. J&K's prime 'Digital Media' Network. It is a new era digital news platform for the technology savvy generation.
https://twitter.com/ashoswai/status/1503056826329407491,"Ashok Swain on Twitter: ""In the last 3 decades, Kashmiri ...","In the last 3 decades, Kashmiri militants have killed 1,724 people in Jammu and Kashmir, and 89 of them are Kashmiri Pandits! Hindu Right Wing in India ..."
https://mobile.twitter.com/kashmirahead,Kashmir Ahead कश्मीर کشمیر (@KashmirAhead) / Twitter,
https://twitter.com/ksportswatch,Kashmir Sports Watch (@Ksportswatch) / Twitter,"Official Twitter handle of Kashmir Sports Watch, a monthly sports magazine & daily-updated website, based in Kashmir. Aims to re-define sports reporting in ..."
https://twitter.com/search?q=%23Kashmir&src=hash,#Kashmir - Twitter Search / Twitter,"The latest Tweets on #Kashmir. ... Official Twitter account of Greater Kashmir, the largest circulated English daily of J&K, published by GK Communications ..."
https://twitter.com/jandktourism/status/1111948250615955458,"Jammu & Kashmir Tourism on Twitter: ""The almond trees have ...",Come and visit J&K #JKTourism #Jammu #Kashmir #Ladakh #travel ... the flowers all around and smell the sweet scent in the air in the whole Kashmir valley.
https://twitter.com/koscrpf,"Kashmir Ops Sector, CRPF (@KOSCRPF) / Twitter",
https://twitter.com/morningkashmir,Morning Kashmir (@morningkashmir) / Twitter,"Morning Kashmir. @morningkashmir. Follow Us for News, Photos, Videos and the Latest Trends From Jammu, Kashmir, India and Around the World."
https://twitter.com/jammukashmirnow/status/1363786970351206400,"Jammu-Kashmir Now on Twitter: ""#SankalpDiwas #Facts Total ...","Today we have only 1,01,000 sq Km area. Rest is under illegal occupation of Pakistan and China, known as Pakistan Occupied Jammu Kashmir (POJK), Pakistan ..."
https://mobile.twitter.com/gloryof_kashmir,Glory of Kashmir (@Gloryof_Kashmir) / Twitter,"In a first, #Kashmiri girl Inabat Khaliq was appointed as Deputy Accountant General (Audit) & assumed charge in the office of Principal Accountant General, ..."
https://twitter.com/kpl_20,Kashmir Premier League (@kpl_20) / Twitter,
https://twitter.com/kashmirpolice/status/1449313716730691584,"Kashmir Zone Police on Twitter: ""13 #terrorists killed in 9 ...","We have #neutralised 3 out of 5 terrorists of Srinagar City within less than 24 hours: IGP Kashmir. @JmuKmrPolice · 9:58 AM · Oct 16, 2021·Twitter for ..."
https://twitter.com/KNSKashmir?ref_src=twsrc%5Etfw,Kashmir News Service (@KNSKashmir) / Twitter,"Kashmir News Service. @KNSKashmir. Official Twitter handle of Kashmir News Service Pvt Ltd.multi-media news agency,content for information plateforms."
https://twitter.com/jandktourism/status/1268465937533018116,"Jammu & Kashmir Tourism on Twitter: ""Bobjan in Srinagar",
https://twitter.com/bsf_kashmir,BSF Kashmir (@BSF_Kashmir) / Twitter,"Official Handle of Kashmir Frontier, Border Security Force (BSF), India's first line of defence, safeguarding the India-Pakistan & India-Bangladesh borders."
https://twitter.com/kashmir_monitor,The Kashmir Monitor (@Kashmir_Monitor) / Twitter,
https://twitter.com/BSF_Kashmir/status/1532187534972813312,"BSF Kashmir on Twitter: ""BSF not only guarding #LoC in ...",BSF not only guarding #LoC in #Kashmir with dedication and great valour but also values the importance of taking care of remote frontier villages.
https://twitter.com/kpdclofficial,Kashmir Power DISCOM (@KPDCLOfficial) / Twitter,Official account of MD Kashmir Power Distribution Corporation Limited ... (incorporated in October 2019 for distribution of electricity in Kashmir).
https://twitter.com/JmuKmrPolice/status/1443974734337564678,"J&K Police on Twitter: ""1st Positive #Kashmir Knockout ...","DGP J&K Sh Dilbag Singh, VC Kashmir University Of Kashmir Sh Talat Ahmed,ADGP Armed Sh SJM SJM Gillani witness the match between J&K Police and Maharaja FC."
https://twitter.com/vivekagnihotri/status/1532273361862152194,"Vivek Ranjan Agnihotri on Twitter: ""KASHMIR TERRORISM ...",KASHMIR TERRORISM: Radicalisation & terrorism in Kashmir is a collaborative work of past 70 yrs between ISI+ Islamic terror orgs+ Abdullah+ Muftis+ Hurriyat etc ...
https://twitter.com/kashmirhorizon,Kashmir Horizon (@KashmirHorizon) / Twitter,Kashmir Horizon. @KashmirHorizon. Srinagar based English daily Kashmir Horizon. Srinagar kashmirhorizon.com Joined March 2011.
https://twitter.com/livelawindia/status/1199199252032811008,"Live Law on Twitter: ""#Kashmir SC bench comprising J ...","#Kashmir SC bench comprising J Ramana, Subhash Reddy and B R Gavai has started hearing the petitions challenging restrictions in Kashmir Petitions filed by."
https://twitter.com/pibsrinagar,PIB in Jammu Kashmir & Ladakh (@PIBSrinagar) / Twitter,"@PIBSrinagar. Official Twitter account of Press Information Bureau, Government of India, Jammu and Kashmir. Srinagar, Kashmir pib.nic.in Joined August 2017."
https://mobile.twitter.com/i/events/1341662738758598656,Gupkar Alliance Sweeps Kashmir; BJP Wins Big in Jammu,"... winner in the Valley, while the BJP maintained its dominance in the Jammu region in the District Development Council (DDC) elections in Jammu and Kashmir."
https://twitter.com/1kunalbahl/status/1426868323053051906,"Kunal Bahl on Twitter: ""Recently I visited Kashmir & was ...",Recently I visited Kashmir & was absolutely stunned by the extraordinary beauty & warm people. Speak to locals & the desire & need for faster economic ...
https://twitter.com/KashmirPolice/status/1544616260297641984,"Kashmir Zone Police on Twitter: ""If every parent #appeal to ...",
https://twitter.com/jakfas_,Jammu And Kashmir Finance & Accounts Society - Twitter,
https://twitter.com/ANI/status/1184770147392688128?ref_src=twsrc%5Etfw,"ANI on Twitter: ""Jammu and Kashmir: All J&amp;K Transport ...",Jammu and Kashmir: All J&K Transport Welfare Association has been holding an indefinite strike from Lakhanpur to Kashmir in protest against the newly set up ...
https://twitter.com/khamenei_ir/status/1164140759894953984,"Khamenei.ir on Twitter: ""We're concerned about Muslims ...","We have good relations with India, but we expect the Indian government to adopt a just policy towards the noble people of Kashmir and prevent the oppression & ..."
https://twitter.com/barandbench/status/1191615306092945408,"Bar & Bench on Twitter: ""#Kashmir: Vrinda Grover refers to ...",#Kashmir: Court dictating order in Enakshi Ganguly's petition in detention of children. Juvenile Justice Committee directed to submit a fresh report after going ...
https://twitter.com/aamaadmiparty/status/1096809758047326209,"AAP on Twitter: """"Kashmir is an integral part of India"" When we ...","""Kashmir is an integral part of India"" When we say this, we must make sure we are talking about the people and not just the land."
https://mobile.twitter.com/risingkashmir/with_replies,Tweets with replies by Rising Kashmir ... - Twitter,"Official Twitter feed of Rising Kashmir, Kashmir's No. 1 English Daily Newspaper owned by Kashmir Media House. Submissions to editpage@risingkashmir.com."
https://twitter.com/adityarajkaul/status/1449770556601946113?lang=fi,"Aditya Raj Kaul Twitterissä: ""11 civilians have been killed in ...",He is brother of the injured Bihar labourer in Kashmir terror attack tonight. ... The truth is the killings are done by Kashmiri Muslim terrorists of TRF ...
https://twitter.com/chinarcorpsia/status/1476793364980723715,Chinar Corps - Twitter,"“Who drove Kashmiri Pandits out from Kashmir” and “I am a NCC cadet & I am an Indian, who will kill me”#Kashmir #IndianArmy@ADGPI-INDIAN ARMY @CRPF -INDIA ... 5."
https://twitter.com/agriculturekmr,Directorate of Agriculture Kashmir (@AgricultureKmr) / Twitter,Directorate of Agriculture Kashmir. @AgricultureKmr. Doubling farm income by 2022. Jammu And Kashmir diragrikmr.nic.in Joined May 2019.
https://twitter.com/ANI/status/1525014653180342272?ref_src=twsrc%5Etfw,"Sahil Tikoo on Twitter: ""It's time the Central government arms ...","We can pick up arms &amp; we can defend ourselves in Kashmir. Do not take our civility for cowardice. @narendramodi @AmitShah @rajnathsingh @adgpi"" / ..."
https://twitter.com/realkashmirfc,Real Kashmir FC (@realkashmirfc) / Twitter,"Small football club from Kashmir that dares to dream big! Sports, Fitness & Recreation ..."
https://twitter.com/jmukmrpolice,J&K Police (@JmuKmrPolice) / Twitter,"Official Twitter account of Jammu & Kashmir Police. Account not monitored 24x7. Please do not report crime here. In emergencies, Dial 100 Or 112."
https://twitter.com/anupampkher/status/109858433238446081,"Anupam Kher on Twitter: ""@immadnazir Problem is NOT with ...",@immadnazir Problem is NOT with Kashmiri Pandits and Muslims. ... so Mr Kher why don't simply the KPs go to Kashmir and simply settle.
https://mobile.twitter.com/ceojak,Chief Electoral Officer Jammu & Kashmir (@ceojak) / Twitter,
https://twitter.com/ranaayyub/status/1158841568989724677,"Rana Ayyub on Twitter: ""A journalist I would trust on #Kashmir ...","A journalist I would trust on #Kashmir ... The crocodile tears should be spilled when Kashmiri pandits were murdered,humiliated and thrown out of ..."
https://twitter.com/bjp4jnk,BJP Jammu & Kashmir (@BJP4JnK) / Twitter,"Vice President Bharatiya Janata Party (BJP) Jammu and Kashmir today conducted a public grievances camp at Pt Prem Nath Dogra Bhawan, Kacchi Chawni."
https://twitter.com/divisionalcomm1,Divisional Commissioner Kashmir (@DivisionalComm1) / Twitter,"Divisional Commissioner (Div Com) Kashmir, Pandurang K Pole today received the first batch of 145 Hajj Pilgrims at Srinagar International Airport on their ..."
https://twitter.com/kashmirobserver,Kashmir Observer™ (@kashmirobserver) / Twitter,One of the oldest & largest English language dailies from Kashmir. Published by Kashmir Observer LLP. Multiple supplements include Bazar Observer & Khyen ...
https://twitter.com/kb_bulletin,Kashmir Bulletin (@KB_Bulletin) / Twitter,"Kashmir Bulletin is a news platform based in Kashmir, where you find comprehensive coverage and up-to-the-minute news, feature stories and videos across ..."
https://twitter.com/news18kashmir,News18 Kashmir (@News18Kashmir) / Twitter,"News18 Kashmir, Network18 Group caters to News & information to the Kashmir viewers. Network18 Group is presently the largest Television Network in India."
https://twitter.com/ungeneva/status/1465995286313148421,"UN Geneva on Twitter: "".@UNHumanRights on #Kashmir: We ...",on #Kashmir: We are deeply concerned at the arrest of Kashmiri human rights defender Khurram Parvez under Indian counter-terrorism legislation. We are unaware ...
https://mobile.twitter.com/kashmirdevelop,Kashmir Towards Development (@Kashmirdevelop) / Twitter,Development projects in Jammu and Kashmir ... that annual tourist numbers in the #Kashmir valley have increased three times in the past one and a half years ...
https://twitter.com/thekashmirpress,The Kashmir Press (@TheKashmirPress) / Twitter,Kashmir Press is a news website based in Kashmir. It brings out news and fresh perspectives for the Kashmiri and global audience.
https://twitter.com/officialdgispr/status/1489848470185910272,"DG ISPR on Twitter: ""Tribute 2 ppl of Kashmir, their resolve ...","05-Feb-2022 —05-Feb-2022Time to end this human tragedy &amp; resolve #Kashmir issue as per aspirations of people of J&amp;K &amp; #UN resolutions. COAS"" / Twitter ..."
https://twitter.com/jandktourism/status/914340358208851968,"Jammu & Kashmir Tourism on Twitter: ""Doodhpathri wallpaper ...",
https://twitter.com/inckerala/status/1503271224318717955,"Congress Kerala on Twitter: ""For BJP, #Kashmir is a Hindu ...","For BJP, #Kashmir is a Hindu-Muslim problem. For Congress, it's a long battle between separatists & those who stand with India. Let's respect ALL Kashmiris ..."
https://twitter.com/javedakhtarjadu/status/442982815693410304,"Javed Akhtar on Twitter: ""Why the suspension of those 67 ...","Why the suspension of those 67 Kashmiri students who cheered Pakistan is revoked. They should be rusticated and sent back to Kashmir. 11:18 AM · Mar 10, ..."
https://twitter.com/ncsad72,Sadbhavana Jammu Kashmir & Ladakh (@ncsad72) / Twitter,This is the twitter account of project Sadhbhavana of Indian Army in Jammu & Kashmir and Ladakh. Following or re-tweeting does not constitute endorsement.
https://mobile.twitter.com/battakashmiri,Kashmiri Hindu (@BattaKashmiri) / Twitter,"Think this of me....There is a corner somewhere, out there in Kashmir...where my soul will come to rest..... Image. 151. 651. 4,290. Kashmiri Hindu."
https://twitter.com/ani/status/453031027401707521,"ANI on Twitter: ""BJP Manifesto on Jammu and Kashmir ...","BJP Manifesto on Jammu and Kashmir: Return of Kashmiri Pandits with full dignity, discuss article 370 with all stakeholders. 4:46 AM · Apr 7, 2014·Twitter ..."
https://twitter.com/DrJitendraSingh/status/962175644212789248?ref_src=twsrc%5Etfw,"Dr Jitendra Singh on Twitter: ""Where are the #Kashmir ...",Where are the #Kashmir apologists who are always ready to tweet even on subjects not remotely connected with them but who neither have the courage nor ...
https://twitter.com/kiranks/status/1011665475321958400,"Kiran Kumar S on Twitter: ""#Kashmir Temple 1: The beautiful ...","#Kashmir Temple 1: The beautiful Durga Nag temple is in the heart of Srinagar city, within walking distance from the Z-security mansions of big name ..."
https://twitter.com/thekashmirtoday,The Kashmir Today (@TheKashmirToday) / Twitter,Problem not with mass gathering but with namaz: Omar Abdullah over FIR against 25 people in UP. kashmir.today. Problem not with mass gathering but with ...
https://twitter.com/kiranks/status/1011688788513509376,"Kiran Kumar S on Twitter: ""#Kashmir Temple 4: The ...","#Kashmir Temple 1: The beautiful Durga Nag temple is in the heart of Srinagar city, within walking distance from the Z-security mansions of big name ..."
https://twitter.com/mevlutcavusoglu/status/1044967753835311110,"Mevlüt Çavuşoğlu on Twitter: ""Underlined the humanitarian ...",Underlined the humanitarian aspect of Jammu-Kashmir issue at OIC Contact Group. ... of UNSC resolutions & in line with wishes of the people of #Kashmir.
https://twitter.com/kashmirnews22,Kashmir News (@Kashmirnews22) / Twitter,"Ministry of New and Renewable Energy (MNRE), Government of India, has awarded Jammu and Kashmir Energy Development Agency (JAKEDA), Department of Science ..."
https://twitter.com/lestweforgetin/status/1452828653495021571,"LestWeForgetIndia on Twitter: ""#LestWeForgetIndia The ...","#LestWeForgetIndia The ""Saviour Of Kashmir"", gallant #IndianBrave Brig Rajendra Singh, #MahaVirChakra (P) Chief of Military Staff, Jammu & Kashmir State ..."
https://twitter.com/livelawindia/status/1196676097590493184?lang=ar,"تويتر \ Live Law على تويتر: ""#Kashmir Sr Adv Ahmadi ...","#Kashmir SC bench headed by Justice Ramana starts hearing the petition against Kashmir shutdown Sr Adv Huzefa Ahmadi appearing for Journalists Union, which has ..."
https://twitter.com/repandrecarson/status/1254109318779207681,"André Carson on Twitter: ""My heart remains with the people of ...",My heart remains with the people of #Kashmir during this challenging time. The draconian restrictions placed upon them by PM Modi are not only taking away ...
https://twitter.com/inkkashmir,Kashmir Ink (@InkKashmir) / Twitter,Official Twitter handle of GK Weekly KASHMIR INK. Jammu & Kashmir kashmirink.in ... #Pakistan supports self-determination in #Kashmir: Army chief Bajwa ...
https://twitter.com/kashmirpolice?lang=ar-x-fm,تويتر \ Kashmir Zone Police (KashmirPolice@) - Twitter,"Official Twitter account of Kashmir Zone Police. In case of emergency please dial 100 or 112. Srinagar, J&K ..."
https://twitter.com/ANI/status/1313025400272941057?ref_src=twsrc%5Etfw,"ANI on Twitter: ""Jammu & Kashmir: Terrorists fired upon road ...",Jammu & Kashmir: Terrorists fired upon road opening party (ROP) of CRPF near Tangan bypass on the outskirts of Srinagar city. More details awaited.
https://twitter.com/jandktourism/status/842967566591102976,"Jammu & Kashmir Tourism on Twitter: ""The flowers are back in ...","The flowers are back in Jammu & Kashmir. Time for a visit! #Jammu #Kashmir #JKTourism. Image. 5:15 AM · Mar 18, 2017·Hootsuite."
https://twitter.com/jandktourism/status/906409354668240896,"Jammu & Kashmir Tourism on Twitter: ""The Dal at night ...","The Dal at night #Jammu #Kashmir #JKTourism Photo/Fasahat Allaqaband. Image. 6:50 AM · Sep 9, 2017·Hootsuite · 20. Retweets · 3. Quote Tweets."
https://twitter.com/livelawindia/status/1196661865377484801?lang=ar,"تويتر \ Live Law على تويتر: ""#Kashmir SC bench headed ...","#Kashmir SC bench headed by Justice Ramana starts hearing the petition against Kashmir shutdown Sr Adv Huzefa Ahmadi appearing for Journalists Union, ..."
https://mobile.twitter.com/divisionalcomm1/with_replies,Tweets with replies by Divisional Commissioner Kashmir ...,"Full dress rehearsal for I-Day Divisional Commissioner Kashmir, Pandurang K Pole hoisted the National flag, took salute from parade commander and ..."
https://twitter.com/TheQuint/status/1480879664981757953,"The Quint on Twitter: """"Many independent journalists in ...","""Many independent journalists in #Kashmir have reported being profiled by the #CID of the Jammu & Kashmir Police, during which their personal information, ..."
https://twitter.com/kashmirpolice/status/1393501543823937543,"Kashmir Zone Police on Twitter: ""J&amp;K Police is keeping a ...","It, however, wouldn't allow cynical encashment of the public anger to trigger violence, lawlessness and disorder on Kashmir streets. Expressing opinion is a ..."
https://twitter.com/netblocks/status/1158132188103225346?ref_src=twsrc%5Etfw,"NetBlocks on Twitter: ""Urgent: Severe internet disruption ...","Urgent: Severe internet disruption registered in #Srinagar, #Kashmir with backbone access largely severed by India from 18:00 UTC; information blackout ..."
https://twitter.com/ANI/status/1241958452244570112?ref_src=twsrc%5Etfw,"ANI on Twitter: ""Jammu &amp; Kashmir: Shops closed and ...","Jammu & Kashmir: Shops closed and roads empty in Jammu, as complete shutdown has been ordered in the state till 31st March, in view of #COVID19."
https://mobile.twitter.com/MinhazMerchant/status/769576629110734850,"Minhaz Merchant on Twitter: """"Pak not a stakeholder in ...","""Pak not a stakeholder in #Kashmir,"" says J&K CM ... sticks 2 her stand becos Kashmiri politicians r known4 making1statement in Delhi n opposite in Srinagar."
https://twitter.com/AdityaRajKaul/status/1453636811268378625,"Aditya Raj Kaul on Twitter: ""Some so called “Kashmir Experts ...",Some so called “Kashmir Experts” in Delhi claiming that Anti-India slogans by Kashmiri Muslim Medical students was pent-up anger of two years are fooling ...
https://twitter.com/jandktourism/status/975307198367662080,"Jammu & Kashmir Tourism on Twitter: ""We are pleased to ...","We are pleased to announce our new online Contest: ""Why Visit Kashmir"" We ... Winning prize - All-inclusive 5 days/4 Nights Kashmir holiday package for two."
https://mobile.twitter.com/kashmirpolice/status/1449372823504363523,"Kashmir Zone Police on Twitter: ""#Terrorists fired upon 2 ...",
https://twitter.com/moneycontrolcom/status/1158121546512101376,"Moneycontrol on Twitter: ""Amid questions and speculations ...",Jammu and Kashmir govt: Restrictions imposed under section 144 CrPC in district Srinagar with effect from midnight 5th August which shall remain in force ...
https://twitter.com/barandbench/status/1192325627120115712,"Bar & Bench on Twitter: ""#Kashmir: So should they wait for ...","#Kashmir: Sibal making submissions on conditions for imposition of restrictions under Section 144 CrPC, citing precedents."
https://mobile.twitter.com/rgsajk,Rashtriya Gram Swaraj Abhiyan - Jammu & Kashmir - Twitter,"Rashtriya Gram Swaraj Abhiyan - Jammu & Kashmir. @RGSAJK. Department of Rural Devlopment & Panchayati Raj, Goverment of Jammu & Kashmir. Jammu & Kashmir ..."
https://twitter.com/anubha1812/status/1520294290093936640,"Adv Anubha Shrivastava Sahai on Twitter: ""#Kashmir is ...",#Kashmir is beautiful ❤️ More than 85 lakh tourist visited in last 3 months I went to Kashmir for the first time It's a lovely place and people are very ...
https://twitter.com/reallyswara/status/821087040511102980,"Swara Bhasker on Twitter: ""To those demanding #Azadi in ...","To those demanding #Azadi in #Kashmir. U seem fundamentally undemocratic, bigoted n incapable of respecting any1 else's freedom #ZairaWasim."
https://twitter.com/jandktourism/status/883332433525047296,"Jammu & Kashmir Tourism on Twitter: ""Srinagar - Twitter",
https://twitter.com/ani/status/1020700275164643328,"ANI on Twitter: ""Inspired by the culture of Kashmir, a couple ...","Inspired by the culture of Kashmir, a couple from Poland remarried in Kashmiri style on the bank of river Jhelum in Srinagar. Bata, the groom says,""I love ..."
https://twitter.com/jandktourism/status/883528598728175616,"Jammu & Kashmir Tourism on Twitter: ""A beautiful journey by ...","A beautiful journey by train in Jammu & Kashmir #Jammu #Kashmir #JKTourism Photo/Shahid Mushtaq. Image. 3:30 AM · Jul 8, 2017·Hootsuite."
https://mobile.twitter.com/search?q=%23kashmiri&src=hashtag_click,#kashmiri - Twitter Search / Twitter,"Who is the martyr Syed Ali Shah Geelani? He is the epitome of courage, dedication and resistance. A #Kashmiri freedom fighter whose legacy grows stronger ..."
https://mobile.twitter.com/IndianExpress/status/1158262515056254977,"The Indian Express on Twitter: ""#Kashmir - Twitter",
https://mobile.twitter.com/kashmir_weather/with_replies,Tweets with replies by Kashmir Weather ... - Twitter,"Winter 2021-22 was warmer by 0.25°C in Kashmir, as compared to winter 2020-21. Jammu was warmer by 1.3°C, Ladakh was colder by 0.55°C Surprisingly, ..."
https://twitter.com/oic_oci/status/1506240222052429825,"OIC on Twitter: ""#OIC SecretaryGeneral ...","#OIC SecretaryGeneral #Hissein_Brahim_Taha: “Jammu and #Kashmir is a just, long-standing issue of great concern to us.”."
https://twitter.com/jandktourism/status/1188124793792368643,"Jammu & Kashmir Tourism on Twitter: ""Kashmir Calling https ...","Jammu toh khaali naam k liye hai ☹️....bs kashmir kashmir hi hota hai. 4. Sheema Amin · @AminSheema. ·. Oct 26, 2019. Replying to. @JandKTourism."
https://twitter.com/chinarcorpsia/status/1285234245045108736,Chinar Corps - Twitter,20-Jul-2020 —20-Jul-2020Another son of #Kashmir is missing. Family of Azad Ah Shah (28) of #Bandipora appeals him to come back home.
https://twitter.com/jandktourism/status/956111861061246976?lang=bg,Jammu & Kashmir Tourism в Twitter: „The snow makes ...,True. Let Whole World know Natural Beauty of Kashmir ( and its peace loving creative people ) and we Indians are having responsibility to extend all support ...
https://twitter.com/ANI/status/1296443128052948995?ref_src=twsrc%5Etfw,"ANI on Twitter: ""683 new #COVID19 cases reported from ...","683 new #COVID19 cases reported from Jammu and Kashmir today; 114 from Jammu division and 569 from Kashmir division, taking the total number of cases in the ..."
https://twitter.com/tiny_dhillon/status/1507735983240126474,"KJS DHILLON on Twitter: ""#Kashmir Q : How's it that the ...",26-Mar-2022 —26-Mar-2022#Kashmir Q : How's it that the Indian Army was not able to present their pt of view? Who lost in Kashmir Violence?
https://twitter.com/AdityaRajKaul/status/1446040623740436480,"Aditya Raj Kaul on Twitter: ""I speak about barbaric killings of ...","07-Oct-2021 —07-Oct-2021I speak about barbaric killings of Kashmiri Hindus, Sikh & Dogra in Kashmir. Government has failed to provide security to minorities in ..."
https://twitter.com/KashmirPolice/status/1558837602525990912,"Kashmir Zone Police on Twitter: ""Chance #encounter started ...",Kashmir Zone Police · @KashmirPolice. Chance #encounter started in Nowhatta area of #Srinagar. Police & CRPF are on the job. Further details shall follow.
https://twitter.com/htTweets/status/1503639515571048448,"Hindustan Times on Twitter: ""The Jammu and #Kashmir ...",15-Mar-2022 —15-Mar-2022The Jammu and #Kashmir Delimitation Commission released its draft report and sought objections and suggestions from the public before March 21.
https://twitter.com/ANI/status/1010855406225231873?ref_src=twsrc%5Etfw,"ANI on Twitter: ""Jammu &amp; Kashmir: Visuals from the site ...",Jammu & Kashmir: Visuals from the site of encounter between security forces and terrorists in Kulgam's Chadder area. ( Visuals deferred by unspecified time).
https://twitter.com/kcpak4,Kashmir Committee (@KCPak4) / Twitter,This reflects how India has been lying to Kashmiri people and usurped their basic human rights. It also proves that love for freedom runs in blood of Kashmiris ...
https://twitter.com/brighterkashmir,Brighter Kashmir (@brighterkashmir) / Twitter,"Kashmir brighterkashmir.com Joined March 2012 ... Youtube/brighterkashmir Hard copy available on news stalls of Kashmir, rush to grab ur copy now."
https://twitter.com/GreaterKashmir/status/1531830792606785536,"Greater Kashmir on Twitter: ""#Jammu region's #teachers ...",01-Jun-2022 —01-Jun-2022#Jammu region's ; #teachers serving in ; #Kashmir shocked by ...
https://twitter.com/shashitharoor/status/1491658402497728512,"Shashi Tharoor on Twitter: ""UP will turn into Kashmir, Bengal ...","Kashmir's beauty, Bengal's culture & Kerala's education would do wonders for the place. UP's wonderful: pity about its Govt."
https://twitter.com/AdityaRajKaul/status/1445455818757865475,"Aditya Raj Kaul on Twitter: ""One couple friend including a ...",It's a sleepless night for Kashmiri Hindus staying in the valley. Bindroo family has been a prominent Kashmiri Pandit family who stayed on even during peak ...
https://twitter.com/jammukashmirnow,Jammu-Kashmir Now (@JammuKashmirNow) / Twitter,"#Breaking 02 terrorists neutralized in a brief encounter at Nagbal village in Shopian district, South Kashmir."
https://twitter.com/hortikashmir,Kashmir Horticulture (@HortiKashmir) / Twitter,"Director Horticulture Kashmir today toured sub-division Handwara of district Kupwara . He was accompanied by Chief Horticulture Officer, Kupwaraand other ..."
https://twitter.com/srkngo,Sunrise in Kashmir (@srkngo) / Twitter,"While we all want to Travel Bharat, its surprising to know & see that @TravelingBharat doesn't find #Kashmir worth traveling because in their timeline i ..."
https://twitter.com/cpr_india/status/1184823912904953856?lang=de,CPR India auf Twitter: „[WATCH]: 'Recent developments in ...,"[WATCH]: 'Recent developments in #Kashmir have internationalised J&K & rehyphenated India & Pakistan' Shyam Saran analyses India's declining growth, ..."
https://twitter.com/jandktourism/status/947361853172342784,"Jammu & Kashmir Tourism on Twitter: ""Offlate #Kashmir ...","Offlate #Kashmir witnesses surge in domestic tourists from South India. Courtesy: Greater Kashmir. #JKTourism. Image. 7:00 AM · Dec 31, 2017·Hootsuite."
https://twitter.com/OfficialDGISPR/status/1423145494264619010?ref_src=twsrc%5Etfw,"DG ISPR on Twitter: ""...Resolution of #Kashmir dispute as per ...",Resolution of #Kashmir dispute as per #UN Resolutions and aspirations of Kashmiri people is imperative for enduring peace and stability in the region”#COAS.
https://twitter.com/livelawindia/status/1196679758131548161,"Live Law on Twitter: ""#Kashmir Sr Adv Ahmadi refers to 5(2) of ...","#Kashmir SC bench headed by Justice Ramana starts hearing the petition against Kashmir shutdown Sr Adv Huzefa Ahmadi appearing for Journalists Union, ..."
https://twitter.com/anupampkher/status/1461575078005469185,"Anupam Kher on Twitter: ""Kashmiri Hindus had to wait for ...","But now finally presenting the first ever true story of the Kashmir Genocide, #TheKashmirFiles releases on the Republic Day 2022."
https://twitter.com/kashmirpolice/status/1522991437368807425,"Kashmir Zone Police on Twitter: ""Wreath laying ceremony held ...","Police officers led by IGP Kashmir including DIG CKR, SSP Srinagar, SSP PCR and other officials paid rich tributes to the martyr who attained martyrdom in a ..."
https://twitter.com/jandktourism/status/914082573927768064,"Jammu & Kashmir Tourism on Twitter: ""Verinag - Twitter","Verinag - Beautiful as ever #Jammu #Kashmir #JKTourism Photo/Mir Altaf. Image. 11:00 AM · Sep 30, 2017·Hootsuite · 22. Retweets."
https://twitter.com/anubha1812/status/1520294290093936640?lang=ar-x-fm,تويتر \ Adv Anubha Shrivastava Sahai على تويتر ...,#Kashmir is beautiful ❤️ More than 85 lakh tourist visited in last 3 months I went to Kashmir for the first time It's a lovely place and people are very ...
https://mobile.twitter.com/greaterkashmir/with_replies,Tweets with replies by Greater Kashmir ... - Twitter,"Official Twitter account of Greater Kashmir, the largest circulated English daily of J&K, published by GK Communications Pvt Ltd."
https://twitter.com/abdullah_0mar/status/1446022323195183105,"Farrago Abdullah on Twitter: ""Before Killing Kashmiri Pandit ...","Before Killing Kashmiri Pandit, Deepak Chand: All teachers of the school were lined up and ID Cards were checked by Terrorists. Most teachers were let go who ..."
https://twitter.com/jandktourism/status/908613884310941698,"Jammu & Kashmir Tourism on Twitter: ""Gulmarg - Twitter","Gulmarg - Winter heaven #Jammu #Kashmir #JKTourism Photo/Sajad Arif. Image. 8:50 AM · Sep 15, 2017·Hootsuite · 7. Retweets · 1. Quote Tweet."
https://twitter.com/chinarcorpsia,Chinar Corps - Indian Army (@ChinarcorpsIA) / Twitter,"... of Chinar Corps, Indian Army. Jammu And Kashmir linktr.ee/ChinarCorpsIA Joined April 2017 ... Wular festival celebrations at #Bandipora, #Kashmir."
https://mobile.twitter.com/kash_newsville,Kashmir NewsVille (@Kash_newsville) / Twitter,"Kashmir NewsVille. @Kash_newsville. Kashmir Newsville Is A Multimedia News Platform. Media & News Srinagar, Kashmir KashmirNewsville.com Joined October 2021."
https://twitter.com/KashmirPolice/status/1234437445430607874,"Kashmir Zone Police on Twitter: ""IGP #Kashmir interacted with ...",IGP #Kashmir interacted with a group of students from #Kupwara & #Handwara upon their return to valley from Bharat Darshan. IGP advised them to acquire ...
https://twitter.com/jammukashmirnow/status/1160263278477451264,"Jammu-Kashmir Now on Twitter: ""#Kashmir Today https://t.co ...",10-Aug-2019 —10-Aug-2019Yes there is some protest in #kashmir but it was small. This video shows the bigger reality of Kashmir. 95% Kashmiri people want peace and ...
https://twitter.com/ani/status/1389547528253853701,"ANI on Twitter: ""Jammu and Kashmir: Encounter underway at ...",Jammu and Kashmir: Encounter underway at Nathipora area of Sopore. One foreign terrorist involved in killing of two councillors and a policeman (in Sopore ...
https://twitter.com/adityarajkaul/status/358153803285004288,"Aditya Raj Kaul on Twitter: ""Abuse I get for being a 'Kashmiri ...","Abuse I get for being a 'Kashmiri Pandit' from #Kashmir valley ---> RT "". @sultan_yasir. : @AdityaRajKaul. dale batte, exiled son of a bitch""."
https://twitter.com/ANI/status/1524982931315249152?ref_src=twsrc%5Etfw,"ANI on Twitter: ""#WATCH Government employees and ...",13-May-2022 —13-May-2022#WATCH Government employees and families of Kashmiri Pandits living in the Kashmir Valley protest against the LG administration over the ...
https://twitter.com/barandbench/status/1191962098273849346,"Bar & Bench on Twitter: ""#Kashmir: Is national security not a ...",#Kashmir: Hearing in plea by Anuradha Bhasin on communication shutdown in Kashmir continuing before court 3 of Supreme Court. Vrinda Grover arguing for ...
https://twitter.com/barandbench/status/1191971610275860481,"Bar & Bench on Twitter: ""#Kashmir: Imposing restrictions ...",#Kashmir: Hearing in plea by Anuradha Bhasin on communication shutdown in Kashmir continuing before court 3 of Supreme Court. Vrinda Grover arguing for ...
https://twitter.com/kashmirroshan,Roshan Kashmir (@KashmirRoshan) / Twitter,"Roshan Kashmir. @KashmirRoshan. Urdu newspaper published from Srinagar, J&K Registered with Registrar of Newspapers, Government of India I RTs not ..."
https://twitter.com/ANI/status/1531951367933243400?ref_src=twsrc%5Etfw,"ANI on Twitter: ""When Kashmiri Pandits try to raise their voice ...","The same thing is happening with Kashmiri Pandits now that happened with them in the 1990s. They are being targeted and killed in their houses, ..."
https://twitter.com/ungeneva/status/1362480754945527814?lang=cs,Uživatel UN Geneva na Twitteru: „#India #Kashmir Two ...,express concern over India's decision to end Jammu and Kashmir's autonomy and enact new laws could curtail the previous level of political participation of ...
https://twitter.com/shekharkapur/status/1160422347452456961,"Shekhar Kapur on Twitter: ""Hey @BBCWorld .. each time you ...",11-Aug-2019 —11-Aug-2019.. each time you call #kashmir 'Indian Occupied Kashmir' I keep wondering why you refuse to call Northern Ireland 'British Occupied Ireland' ?
https://twitter.com/kashmirpolice/status/1160907229500854273,"Kashmir Zone Police on Twitter: ""Media statement by IGP ...",12-Aug-2019 —12-Aug-2019
https://twitter.com/rishibagree/status/1503300028814663689,"Rishi Bagree on Twitter: ""Arundhati Roy says Kashmir is not ...","14-Mar-2022 —14-Mar-2022Arundhati Roy says Kashmir is not an integral Part of India at the Azadi Conference, Delhi organised by Tehelka and partnered by NDTV. These ppl ..."
https://twitter.com/SuryahSG/status/1158760594062733312,"SG Suryah on Twitter: ""Too much nonsense peddled in TN on ...","In this interview I tell the history behind Jammu & Kashmir's accession to India, Dr.Ambedkar's stand on Kashmir & many other legal issues & how PM."
https://twitter.com/adityarajkaul/status/1528025622009610240,"Aditya Raj Kaul on Twitter: ""Lalchowk, Srinagar, Kashmir ...","21-May-2022 —21-May-2022Lalchowk, Srinagar, Kashmir today. Kashmiri Hindus protesting against terrorism in the heart of Kashmir valley. 10th day of Kashmiri Pandit ..."
https://twitter.com/kashmirpolice/status/1479061512496943104,"Kashmir Zone Police on Twitter: ""Congratulations to ...",06-Jan-2022 —06-Jan-2022
https://twitter.com/barandbench/status/1215560909482950656,"Bar & Bench on Twitter: ""Supreme Court directions on ...",Bar & Bench · @barandbench · #Kashmir #Article19 #Article370 #SupremeCourt · 7. 54 ; Bar & Bench · @barandbench · #Kashmir #Article370 #SupremeCourt · 2. 6 ; Bar & ...
https://twitter.com/kashmirpolice/status/1087309845831827456?lang=cs,Uživatel Kashmir Zone Police na Twitteru: „1150 #SgCTs of ...,1150 #SgCTs of #Kashmir Zone #Police #promoted to next #rank as #HCs by #DepartmentalPromotionCommittee. #Kashmir zone police wishes them all the best for ...
https://twitter.com/fastkashmircom,Fast Kashmir (@FastkashmirCom) / Twitter,*COVID19 Update* Jammu and Kashmir reported 4354 new positive cases & 05 Deaths in last 24 hours. 1440 from Jammu Division and 2914 from Kashmir Division.
https://twitter.com/dkashmirimages,Kashmir Images (@DKashmirimages) / Twitter,"@DKashmirimages. Official Twitter account of Kashmir Images, English daily newspaper published from Srinagar (J&K), India. Media & News Jammu And Kashmir ..."
https://twitter.com/jandktourism/status/1204391779891478528,"Jammu & Kashmir Tourism on Twitter: ""Gulmarg - Twitter","Dont visit there is no internet,prepaid,sms, services better to have blanket,tea or coffe at home. @PIBHomeAffairs · @AmitShah. has made kashmir a hell Hell ..."
https://twitter.com/JandKTourism/status/909981640801374209,"Jammu & Kashmir Tourism on Twitter: ""Famous walnuts from ...","Famous walnuts from Kashmir #Jammu #Kashmir #JKTourism Photo/Muhammad Johaan. Image. 3:25 AM · Sep 19, 2017·Hootsuite."
https://twitter.com/oic_oci/status/1441696401818333186?lang=fa,توییتر \ OIC در توییتر: «The #OIC Contact Group on ...,"The #OIC Contact Group on Jammu and #Kashmir held an informal meeting on the sidelines of the 76th session of the UN General Assembly, chaired by the OIC ..."
https://twitter.com/ksm_global,Kashmir Solidarity Movement (@KSM_global) / Twitter,"Update: I cannot connect to the last remaining government-owned BSNL networks in #Kashmir. It is nearly a blanket ban on communications now after #Geelani, ..."
https://twitter.com/kimskashmir,Kashmir Independent Media Service - KIMS - Twitter,Reports reaching to the news agency Kashmir News Observer said that the body of Arif Maqsood (25) of Mehjoor Nagar was spotted by locals in river Jhelum at ...
https://twitter.com/kashconvener,Kashmir Convener (@KashConvener) / Twitter,Kashmir Convener is an English daily from Jammu and Kashmir which is keeping the public informed since 2006 and give voice to the voiceless.
https://twitter.com/jandktourism/status/1064880022895382528,"Jammu & Kashmir Tourism on Twitter: ""Watch: The High ...","20-Nov-2018 —20-Nov-2018Watch: The High Commissioner of Malaysia to India, H.E. Dato' Hidayat Abdul Hamid speaking on his visit to Jammu and Kashmir."
https://twitter.com/KashmirPolice/status/1542108060667088896,"Kashmir Zone Police on Twitter: ""#Encounter has started at ...",
https://twitter.com/narendramodi/status/1175622121621479424,"Narendra Modi on Twitter: ""I had a special interaction with ...","I had a special interaction with Kashmiri Pandits in Houston. Embedded video. 0:33. 629.3K views. 4:05 AM · Sep 22, 2019·Twitter Media Studio."
https://twitter.com/kashmirpolice/status/1183002233509568513,"Kashmir Zone Police on Twitter: ""IGP #Kashmir today visited ...",IGP #Kashmir today visited #Bandipora & #Baramulla districts. Interacted with #community #members at Bandipora. #Thanked #citizens for their #cooperation. Later ...
https://twitter.com/SadhguruJV/status/1142781547365355523,"Sadhguru on Twitter: ""Kashmir is not the problem of just the ...",23-Jun-2019 —23-Jun-2019Kashmir is not the problem of just the Kashmiris; it is the problem of Republic of India. It's paramount to fix ambiguity about our ...
https://twitter.com/swamy39/status/1532177485978161152,"Subramanian Swamy on Twitter: ""Sad!! Kashmiri Pandits in ...","Panic-stricken Kashmiri Pandit staffers firm on relocation from Kashmir Valley. The Govt who abrogated Art.370, 35A - under them this is the situation of ..."
https://twitter.com/kashmirtourism,Follow Kashmir Hills's (@kashmirtourism) latest Tweets / Twitter,http://kashmirhills.com (a Kashmir Mart venture) is helping tourists find the best and cost-effective tour and travel packages for Jammu and Kashmir.
https://twitter.com/minhazmerchant/status/1407992160910123012,"Minhaz Merchant on Twitter: ""#Kashmir all-party meet is ...",#Kashmir all-party meet is largely about #delimitation which will work against #Gupkar alliance's electoral interests by allotting more constituencies to #Jammu ...
https://twitter.com/kashmirpolice/status/1274616057823498242,"Kashmir Zone Police on Twitter: ""#ZadibalEncounterUpdate ...",21-Jun-2020 —21-Jun-2020
https://twitter.com/shashitharoor/status/1291066303537545216?lang=ca,"Shashi Tharoor al Twitter: ""Kashmir can only be resolved by ...","05-Aug-2020 —05-Aug-2020Kashmir can only be resolved by ""working with the Indians of J&K and Ladakh in making democracy and secularism real for them"", ..."
https://mobile.twitter.com/i/events/1098843219515924480,Kashmiris Flee Dehradun After Attack on Kashmiri Students ...,"On 16 February, Dehradun found itself embroiled in an unlikely situation. Students from its institutes started demanding the removal of Kashmiri-Muslim ..."
https://twitter.com/AdityaRajKaul/status/1546891989022416896,"Aditya Raj Kaul on Twitter: ""Heartbreaking video from Kashmir ...",12-Jul-2022 —12-Jul-2022Heartbreaking video from Kashmir. Family of J&K Police ASI Mushtaq Ahmad in mourning during the official wreath laying ceremony.
https://twitter.com/Tiny_Dhillon/status/1529323015754088448,"KJS DHILLON on Twitter: ""#Kashmir Resilience of Kashmiri ...",25-May-2022 —25-May-2022#Kashmir Resilience of Kashmiri society will help deliver justice Interaction on. @IndiaToday. TV in recent killing of JKP Constable ...
https://twitter.com/i/events/1423170427963150336,"Article 370, 2 Years After Abrogation: A Look At Kashmir's Woes","On 5 Aug 2019, the Indian Parliament revoked the special status of Jammu and Kashmir, and the state was bifurcated into two union territories — Jammu and ..."
https://twitter.com/rahulgandhi/status/1166556116555317250,"Rahul Gandhi on Twitter: ""There is violence in Jammu &amp ...","27-Aug-2019 —27-Aug-2019But, let me make this absolutely clear: Kashmir is India's internal issue & there is no room for Pakistan or any other foreign country to ..."
https://twitter.com/anubha1812/status/1520294290093936640?lang=cs,Uživatel Adv Anubha Shrivastava Sahai na Twitteru ...,#Kashmir is beautiful ❤️ More than 85 lakh tourist visited in last 3 months I went to Kashmir for the first time It's a lovely place and people are very ...
https://mobile.twitter.com/CPJAsia/status/1520061387879419904,"CPJ Asia on Twitter: ""#Kashmir: CPJ is deeply concerned for ...","29-Apr-2022 —29-Apr-2022#Kashmir: CPJ is deeply concerned for the health of Kashmiri journalist Aasif Sultan, who was transferred from a prison in Jammu and Kashmir ..."
https://twitter.com/gauravcsawant/status/1451034110575583237,"GAURAV C SAWANT on Twitter: ""Why was the majority in ...",21-Oct-2021 —21-Oct-2021Why was the majority in #Kashmir silent when Kashmiri Hindus (Pandits) were forced to leave in 1990. Why is the majority silent today?
https://twitter.com/AdityaRajKaul/status/1446161327395770368,"Aditya Raj Kaul on Twitter: ""The Kashmiri Hindu friend I wrote ...",A young J&K Police man from Kashmiri Pandit community deployed in Jammu right ... home in Baramulla of North Kashmir are leaving tomorrow morning for Jammu.
https://twitter.com/manukumarjain/status/1289406499303772160,"Manu Kumar Jain on Twitter: ""#Kashmir: if there is a heaven ...","01-Aug-2020 —01-Aug-2020#Kashmir: if there is a heaven on earth, it's Kashmir. On the auspicious occasion of #Eid, we opened our 1st ever exclusive #MiStore ..."
https://twitter.com/YashwantSinha/status/1545650878442397696,"Yashwant Sinha on Twitter: ""The people of Jammu &amp ...",09-Jul-2022 —09-Jul-2022The people of Jammu & Kashmir have been robbed of their democratic rights. Even though they are largely unrepresented in this Presidential ...
https://twitter.com/irctcofficial/status/1481931336822960129,"IRCTC on Twitter: ""Fly to #Kashmir &amp; explore the most ...",14-Jan-2022 —14-Jan-2022Fly to #Kashmir & explore the most stunning winter wonderland with your loved ones. #Book #IRCTCTourism's 8D/7N 'Kashmir Delight' tour ...
https://twitter.com/AdityaRajKaul/status/734766554965905408,"Aditya Raj Kaul on Twitter: ""Radical Separatists call for ...",Radical Separatists call for #Kashmir shutdown on Thursday against return of Kashmiri Pandits. Will #India rise now? #NoLandForPandits.
https://twitter.com/jandktourism/status/1296457740819234816,"Jammu & Kashmir Tourism on Twitter: ""Liddermar is one of the ...","The place is ideal for camping amidst lush green meadows. @TourismJKGovt :: #Kashmir #yusmarg #travelgoals https://t.co/mpo9Ht5Sxe"" / Twitter ..."
https://twitter.com/LiveLawIndia/status/1196661865377484801,"Live Law on Twitter: ""#Kashmir SC bench headed by Justice ...",19-Nov-2019 —19-Nov-2019#Kashmir SC bench headed by Justice Ramana starts hearing the petition against Kashmir shutdown Sr Adv Huzefa Ahmadi appearing for ...
https://twitter.com/ShashiTharoor/status/1446135868645797897,"Shashi Tharoor on Twitter: ""The recent targeted killings in ...","07-Oct-2021 —07-Oct-2021After a beloved Kashmiri Pandit pharmacist MakhanLal Bindroo was killed, a golgappa seller yesterday, two teachers today (all KPs)&a ..."
https://twitter.com/adityarajkaul/status/802418988235952128,"Aditya Raj Kaul on Twitter: ""Monsters in #Kashmir set ablaze ...","Monsters in #Kashmir set ablaze the house of Kashmiri Pandits Ashok Wangoo and Praduman Wangoo in Traperpora, Shopian last night. Tragic."
https://twitter.com/dohhkmr,"Department of Handicrafts & Handloom, Kashmir - Twitter","@dohhkmr. Official Twitter account of Department of Handicrafts and Handloom, Kashmir. Srinagar, Kashmir jkhandicrafts.com Joined March 2021."
https://twitter.com/jandktourism/status/911575901132828672,"Jammu & Kashmir Tourism on Twitter: ""Watch our film till the ...","Watch our film till the end to discover the most stunning feature of Kashmir, the #WarmestplaceonEarth . #JKTourism · youtube.com."
https://twitter.com/ANI/status/1559218220409966593,"ANI on Twitter: ""#WATCH - Twitter",15-Aug-2022 —15-Aug-2022#WATCH | Jammu & Kashmir Lt Governor Manoj Sinha participated in the 'Jashn-e-Azadi' event organized under #AzadiKaAmritMahotsav at Dal Lake ...
https://twitter.com/barandbench/status/1215499060229967872?ref_src=twsrc%5Etfw,"Bar & Bench on Twitter: ""The three Judge Bench assembles ...","The lead petitioner in the case was the Editor of Kashmir Times, Anuradha Bhasin. The tagged petitions in the matter also included those by Senior Congress ..."
https://twitter.com/chinarcorpsia/status/1494861189880643584,Chinar Corps - Twitter,"19-Feb-2022 —19-Feb-2022""Happy Children Happy Nation"" #Kashmir #SaturdayVibes #SaturdayThoughts #SaturdayMotivation."
https://twitter.com/nitashakaul/status/1290973895357603843,"Dr Nitasha Kaul on Twitter: ""#Kashmir Today is an awful day. I ...",#Kashmir Today is an awful day. I woke from dreams of a ship with a deck of solid stone that not only still floats but carries a mountain on one side. I am ...
https://twitter.com/CPJAsia/status/1479526103089827840,"CPJ Asia on Twitter: ""#Kashmir: CPJ is deeply disturbed by ...",07-Jan-2022 —07-Jan-2022#Kashmir: CPJ is deeply disturbed by reports that Kashmiri journalist. @SajadGUL_. was arrested days after posting a video of a protest on ...
https://twitter.com/bdutt/status/720953633785839616,"barkha dutt on Twitter: ""Oh So I suppose when we say ...",Oh So I suppose when we say Kashmir is integral part of India people like you mean the land and not the people?
https://twitter.com/jandktourism/status/1390929090845110272,"Jammu & Kashmir Tourism on Twitter: ""Astanmarg is one of ...","We recommend you to stay home , stay safe and break the chain .... Pic by @traveldarwish #jktourism #Kashmir #srinagar https://t.co/vw3mpvqfHF"" / Twitter ..."
https://twitter.com/PTI_News/status/1559438624315256832,"Press Trust of India on Twitter: ""Kashmiri Pandit shot dead ...","16-Aug-2022 —16-Aug-2022Kashmiri Pandit shot dead, brother injured in militant attack in Jammu and Kashmir's Shopian district, say police. 7:15 AM · Aug 16, ..."
https://twitter.com/state_sca/status/1153444051368239104,"State_SCA on Twitter: ""While Kashmir is a bilateral issue for ...","While Kashmir is a bilateral issue for both parties to discuss, the Trump administration welcomes #Pakistan and #India sitting down and the United States ..."
https://twitter.com/dhskashmir,Health Dept. Kashmir (@DHSKashmir) / Twitter,"Official twitter handle of Directorate of Health Services Kashmir(DHSK) headed by director, Dr Mushtaq Ahmed Rather. Kashmir , J&K dhskashmir.org Joined ..."
https://twitter.com/kashmircouncil1,Kashmir Council-EU (@KashmirCouncil1) / Twitter,Chairman #KashmirCouncilEurope (KC-EU) #AliRazaSyed has expressed solidarity with Chairman Jammu and Kashmir Liberation Front (JKLF) #YasinMalik who is on an ...
https://twitter.com/hashtag/kashmir?src=hash&ref_src=twsrc%5Etfw,#kashmir - Twitter Search / Twitter,The army released a video on the three heavily armed Pakistani terrorists who were killed on the Line of Control in north #Kashmir's Uri sector yesterday.
https://twitter.com/jkpdp,J&K PDP (@jkpdp) / Twitter,for inclusion of non-local voters in the electoral rolls of Jammu and Kashmir. @MehboobaMufti.
https://mobile.twitter.com/kashmirnew1,kashmir news Highlights (@kashmirnew1) / Twitter,
https://twitter.com/ANI/status/1561270043614121984,"ANI on Twitter: ""Jammu and Kashmir | An intruder was shot at ...",21-Aug-2022 —21-Aug-2022Jammu and Kashmir | An intruder was shot at and got injured when he was trying to come near LOC in the Naushera Sector of Rajouri.
https://twitter.com/ANI/status/1558649783732305920,"ANI on Twitter: ""#WATCH Jammu &amp; Kashmir LG Manoj ...","14-Aug-2022 —14-Aug-2022#WATCH Jammu & Kashmir LG Manoj Sinha leads a 'Tiranga Rally' organised by BSF in Srinagar, as a part of 'Azadi Ka Amrit Mahotsav' to ..."
https://twitter.com/ndtv/status/1532407780384055297,"NDTV on Twitter: ""#Kashmir https://t.co/kiirVzOnde"" / Twitter",02-Jun-2022 —02-Jun-2022The targeted killings in Indian-occupied Jammu Kashmir are part of a systematic plan to rile up #Hindutva electorate in the build up to the ...
https://mobile.twitter.com/spacekashmir,Kashmir From Space (@SpaceKashmir) / Twitter,Looking at different aspects of the environment of Kashmir and how it has changed over time using repeat satellite images.
https://twitter.com/rootsinkashmir,Roots In Kashmir रूट्स इन कश्मीर (@RootsInKashmir) / Twitter,Kashmiri Hindus protesting against terrorism in the heart of Kashmir valley. 10th day of Kashmiri Pandit Rahul Bhat's killing by terrorists. Hindus demanding ...
https://twitter.com/eOrganiser/status/1559446126759399425,"Organiser Weekly on Twitter: ""Kashmir: Another Kashmiri ...",16-Aug-2022 —16-Aug-2022Kashmir: Another Kashmiri Pandit shot dead after terrorists opened fire in an apple orchard in the Chotipora area of Shopian.
https://twitter.com/GreaterKashmir/status/1529321534350708736,"Greater Kashmir on Twitter: """"A proud moment for #Jammu ...","""A proud moment for #Jammu and #Kashmir"". greaterkashmir.com. Umran Malik's selection in Team India · 4:40 AM · May 25, 2022·Twitter for Android."
https://twitter.com/officialdgispr/status/1489848470185910272,"DG ISPR on Twitter: ""Tribute 2 ppl of Kashmir, their resolve ...","05-Feb-2022 —05-Feb-2022Time to end this human tragedy &amp; resolve #Kashmir issue as per aspirations of people of J&amp;K &amp; #UN resolutions. COAS"" / Twitter ..."
https://twitter.com/kgulposh,#FreeKhurramParvez - Kashmir Gulposh (@KGulposh) / Twitter,on #Kashmir: We are deeply concerned at the arrest of Kashmiri human rights defender Khurram Parvez under Indian counter-terrorism legislation.
https://twitter.com/ANI/status/1546395222841511937,"ANI on Twitter: ""Jammu & Kashmir | An encounter has started ...",11-Jul-2022 —11-Jul-2022Jammu & Kashmir | An encounter has started at the Wandakpora area of Awantipora. Police and security forces are on the job.
https://twitter.com/KashmirPolice/status/1539241964146655233?ref_src=twsrc%5Etfw,"Kashmir Zone Police on Twitter: ""So far 118 #terrorists ...",21-Jun-2022 —21-Jun-2022So far 118 #terrorists including 32 foreign terrorists killed in #Kashmir in current year. Last year in 2021 total 55 terrorists including 2 ...
https://twitter.com/gowhargeelani,Gowhar Geelani (@GowharGeelani) / Twitter,"Major communication lines including mobile phones, Internet continue to remain shut and suspended since. Hundreds held in jails in and outside Kashmir. Media ..."
https://twitter.com/GreaterKashmir/status/1529321534350708736,"Greater Kashmir on Twitter: """"A proud moment for #Jammu ...","""A proud moment for #Jammu and #Kashmir"". greaterkashmir.com. Umran Malik's selection in Team India · 4:40 AM · May 25, 2022·Twitter for Android."
https://twitter.com/oic_oci/status/1506374390232981512,"OIC on Twitter: ""The OIC Contact Group on Jammu and ...","22-Mar-2022 —22-Mar-2022Addressing the meeting, the Secretary General, Mr Hissein Brahim Taha, affirmed that the conflict of Jammu & Kashmir continues without any ..."
https://twitter.com/kgulposh,#FreeKhurramParvez - Kashmir Gulposh (@KGulposh) / Twitter,on #Kashmir: We are deeply concerned at the arrest of Kashmiri human rights defender Khurram Parvez under Indian counter-terrorism legislation.
https://mobile.twitter.com/kashwarrior007,Kashmir Warrior (@KashWarrior007) / Twitter,Bloodbath continues in Kashmir Again a Kashmiri was killed by Pakistan sponsored Terrorists. This time Rahul Bhat a Kashmiri Pandit. He was killed in his ...
https://twitter.com/ANI/status/1546395222841511937,"ANI on Twitter: ""Jammu & Kashmir | An encounter has started ...",11-Jul-2022 —11-Jul-2022Jammu & Kashmir | An encounter has started at the Wandakpora area of Awantipora. Police and security forces are on the job.
https://twitter.com/KashmirPolice/status/1539241964146655233?ref_src=twsrc%5Etfw,"Kashmir Zone Police on Twitter: ""So far 118 #terrorists ...",21-Jun-2022 —21-Jun-2022So far 118 #terrorists including 32 foreign terrorists killed in #Kashmir in current year. Last year in 2021 total 55 terrorists including 2 ...
https://twitter.com/ANI/status/1532538034465361920?ref_src=twsrc%5Etfw,"ANI on Twitter: ""J&amp;K| Panic-stricken Kashmiri Pandits ...",03-Jun-2022 —03-Jun-2022J&K| Panic-stricken Kashmiri Pandits working under PM package reached Jammu due to targeted killings in Kashmir Valley Today's Kashmir is ...
https://twitter.com/jkmediasocial,JK Media (@jkmediasocial) / Twitter,"Stay updated with all the latest and breaking news of UT of Jammu and Kashmir and UT of Ladakh with us. We're the voice of truth, ethics and ground reality."
https://twitter.com/oic_oci/status/1513474179017891845,"OIC on Twitter: ""of the people of #Jammu and #Kashmir and in ...","Secretary-General H.E. #Hissein_Brahim_Taha received today Barrister Sultan Mehmood Chaudhry, President of Azad Jammu and Kashmir."
https://twitter.com/oic_oci/status/1513474179017891845,"OIC on Twitter: ""of the people of #Jammu and #Kashmir and in ...","Secretary-General H.E. #Hissein_Brahim_Taha received today Barrister Sultan Mehmood Chaudhry, President of Azad Jammu and Kashmir."
https://twitter.com/tehseenp/status/1563054884878155776,"Tehseen Poonawalla Official on Twitter: ""Ghulam Nabi Azad ...","6 days ago —6 days ago... held no accountability for destroying the parry in UP, Haryana & TN, never won a Lok Sabha in #Kashmir, under performed in Rajya Sabha!"
https://twitter.com/ANI/status/1524977579551166464,"ANI on Twitter: ""Jammu &amp; Kashmir - Twitter","13-May-2022 —13-May-2022Jammu & Kashmir | Kashmiri Pandits protest at Sheikhpora, Budgam against terrorist killing of Chadoora Tehsil office employee Rahul Bhat LG ..."
https://mobile.twitter.com/baramullalovers,BaramullaLovers - Twitter,Another historic WIN for #India in #INDvsPAK match and it certainly called for a celebration Visuals from Jammu & #Kashmir where people heartily celebrated ...
https://twitter.com/adityarajkaul/status/1525504104407048192,"Aditya Raj Kaul on Twitter: ""Horrible. Kashmiri Hindu women ...","14-May-2022 —14-May-2022Kashmiri Hindu women locked by J&K Police in Sheikhpura KP Camp in Budgam, Central Kashmir. They are physically pushing the gate to open even as ..."
https://twitter.com/RadioChinar/status/1564641905883115527/video/1,"Radio Chinar on Twitter: ""@CestMoiz @FatimaDar_jk ...","2 days ago —2 days agoSoulful performances that turned the evening into a dream come true for music lovers... #Kashmiri Dance, Sufiyana music and what not??"
https://twitter.com/AdityaRajKaul/status/1524720736983674885,"Aditya Raj Kaul on Twitter: ""#BREAKING: Young Kashmiri ...",12-May-2022 —12-May-2022Terror attack took place at Tehsildar office in Chadoora. IGP Kashmir Vijay Kumar confirms. Terrorists had threatened Kashmiri Pandits.
https://twitter.com/adityarajkaul/status/1510990295957053440,"Aditya Raj Kaul on Twitter: ""#BREAKING: Kashmiri Hindu ...","04-Apr-2022 —04-Apr-2022#BREAKING: Kashmiri Hindu Medical Shop Owner Bal Krishan attacked by terrorists in Chotigam, Shopian of South Kashmir."
https://twitter.com/paradisekmr1/status/1564930903725441025/video/1,"Kashmir English on Twitter: ""Beautiful apple Garden's in ...","Beautiful apple Garden's in Shopain #Kashmir. Embedded video. 0:12. 327 views. 10:59 AM · Aug 31, 2022·Twitter for Android."
https://twitter.com/tarigami,M Y Tarigami - Twitter,Jammu & Kashmir massstruggle.com Born 1949 Joined April 2018 ... the region's electoral demography says Srinagar-based senior Kashmiri politician M. Yousuf.
https://twitter.com/AdityaRajKaul/status/1524720736983674885,"Aditya Raj Kaul on Twitter: ""#BREAKING: Young Kashmiri ...",12-May-2022 —12-May-2022Terror attack took place at Tehsildar office in Chadoora. IGP Kashmir Vijay Kumar confirms. Terrorists had threatened Kashmiri Pandits.
https://twitter.com/tarigami,M Y Tarigami - Twitter,Jammu & Kashmir massstruggle.com Born 1949 Joined April 2018 ... the region's electoral demography says Srinagar-based senior Kashmiri politician M. Yousuf.
https://twitter.com/paradisekmr1/status/1564930903725441025/video/1,"Kashmir English on Twitter: ""Beautiful apple Garden's in ...","Beautiful apple Garden's in Shopain #Kashmir. Embedded video. 0:12. 327 views. 10:59 AM · Aug 31, 2022·Twitter for Android."
https://twitter.com/kno_news,Kashmir News Observer™️ (@KNO_NEWS) / Twitter,"Official Twitter Handle Of The News Agency—Kashmir News Observer (OPC) Private Limited. Media & News Company Srinagar, India kashmirnewsobserver.com Joined ..."
https://twitter.com/discoverkashmir,Discover Kashmir (@Discoverkashmir) / Twitter,
https://twitter.com/anupampkher/status/752793181331357696,"Anupam Kher on Twitter: ""Here is pic of butchered bodies of ...",Here is pic of butchered bodies of Kashmiri Pandits killed by terrorists. ... Govt should no any comprise to control Law and order situation of Kashmir.
https://twitter.com/adityarajkaul/status/1510990295957053440,"Aditya Raj Kaul on Twitter: ""#BREAKING: Kashmiri Hindu ...","04-Apr-2022 —04-Apr-2022#BREAKING: Kashmiri Hindu Medical Shop Owner Bal Krishan attacked by terrorists in Chotigam, Shopian of South Kashmir."
https://twitter.com/LiveLawIndia/status/1506931388720721926,"Live Law on Twitter: ""#BREAKING : Kashmiri Pandits ...","24-Mar-2022 —24-Mar-2022#BREAKING : Kashmiri Pandits organization ""Roots in #Kashmir"" files curative petition in the #SupremeCourt seeking probe into the killings ..."
https://mobile.twitter.com/TheYouthPlus/status/1544538744316866562,"Jammu Kashmir News Network on Twitter: ""#Watch : #IED ...",
https://twitter.com/i_amkashmir,I Am Kashmir (@I_AmKashmir) / Twitter,"Witness the beauty of the famous Nishat Bagh, the second-largest Mughal Garden in #Kashmir Valley built on the eastern side of the Dal Lake, #Srinagar. @KiranKS."
https://twitter.com/OIC_OCI/status/1100403322693967877?ref_src=twsrc%5Etfw,"OIC on Twitter: ""#OIC Contact Group Meeting on #Jammu and ...",#OIC Contact Group Meeting on #Jammu and #Kashmir Calls for Immediate De-escalation in the Region: https://oic-oci.org/topic/?t_id=20622&t_ref=11716&lan=en…
https://twitter.com/chinarcorpsia/status/1481666356206772225,Chinar Corps - Twitter,04-Jan-2022 —04-Jan-2022“The Kashmiri Youth's Nationalism stands unquestionable with proud beliefs in our constitutional machinery. It doesn't ask for 'Pro' or any ...
https://twitter.com/jmukmrpolice/status/1443974734337564678?lang=ar-x-fm,"تويتر \ J&K Police على تويتر: ""1st Positive #Kashmir ...","01-Oct-2021 —01-Oct-20211st Positive #Kashmir Knockout Football Championship match at Synthetic Turf #TRC #Srinagar.DGP J&K Sh Dilbag Singh, VC Kashmir University ..."
https://mobile.twitter.com/barandbench/status/1191612560270938113,"Bar & Bench on Twitter: ""#Kashmir: Vrinda Grover now ...",#Kashmir: Bench tells Tushar Mehta it will examine the issue since another 3 judge Bench had taken note of the report of Chief Justice and yet passed orders ...
https://twitter.com/i/events/1081501747049185280,Kashmir Data Analysis - Twitter,Analysis of mob violence and terrorism in Kashmir based on statistics.
https://twitter.com/jsaideepak/status/1351415833122095105,"Sai Deepak J on Twitter: """"Raliv,Galiv ya Chaliv"" ""Kashmir ...","19-Jan-2021 —19-Jan-2021""Raliv,Galiv ya Chaliv"" ""Kashmir banaon Pakistan,Batav varaie,Batneiv saan"" ""Zalimo, O Kafiro, Kashmir hamara chod do” ""Yahan kya chalega, ..."
https://twitter.com/adgpi/status/1561563881897590784,ADG PI - Twitter,22-Aug-2022 —22-Aug-2022... #JammuAndKashmir Colonel Jojan Thomas displayed outstanding bravery and resolute leadership during an operation in Jammu and Kashmir.
https://twitter.com/ani/status/1361916850339155969,"ANI on Twitter: ""The delegation of foreign envoys visiting ...",17-Feb-2021 —17-Feb-2021Jammu and Kashmir: A batch of foreign envoys arrived in Srinagar today for a visit to the union territory. Envoys from 24 nations are part ...
https://twitter.com/htTweets/status/1562555346698354689,"Hindustan Times on Twitter: ""Two #Pakistani infiltrators killed ...",24-Aug-2022 —24-Aug-2022Two #Pakistani infiltrators killed at the LoC in Jammu And Kashmir. The terrorists got blown up by landmines placed at the border.
https://twitter.com/TimesNow/status/1563487118940606465,"TIMES NOW on Twitter: ""#FarooqInsultsHindus Watch how ...",5 days ago —5 days agowhen questioned about the genocide of Kashmiri Hindus! ... The genocide happened much after he resigned and LG in kashmir was handling the ...
https://twitter.com/deespeak/status/1358045322472161281,"Dia Mirza on Twitter: ""4G restored in #Kashmir after 550 days ...",Dia please tweet for the return of Kashmiri pandit as well and count the day's as well when they will be restored...hope you do so... 1.
https://mobile.twitter.com/barandbench/status/1196684298969059331,"Bar & Bench on Twitter: ""#Kashmir: Ahmadi concludes his ...",#Kashmir: Ahmadi citing dissenting judgment of Justice HR Khanna in ADM Jabalpur. The dissent of Justice Khanna is the law today after this Court categorically ...
https://twitter.com/NCS_Earthquake/status/1564912105454596096?ref_src=twsrc%5Etfw,"National Center for Seismology on Twitter: ""Earthquake of ...","19 hours ago —19 hours ago... Occurred on 31-08-2022, 14:43:14 IST, Lat: 33.56 & Long: 81.97, Depth: 148 Km ,Location: 295km ENE of Hanley, Jammu & Kashmir, ..."
https://twitter.com/derekjgrossman/status/1564749670605328385,"Derek J. Grossman on Twitter: ""Pakistani PM attaches Indian ...",2 days ago —2 days agoKashmir has been forcibly annexed through abolition of Article 370.”.
https://twitter.com/barandbench/status/1196661891424292864,"Bar & Bench on Twitter: ""#Kashmir: Hearing commences in ...",#Kashmir: Rest of the board in Justice Ramana's court discharged. Only Kashmir petitions will be heard today. Petitioners submit that they will conclude their ...
https://twitter.com/Nerolac_Paints/status/1563041155515764736,"Nerolac Paints India on Twitter: ""No smell, only good ...",5 days ago —5 days agoNerolac Impressions Kashmir is a superior quality 100% acrylic emulsion-based interior wall paint that has no smell and an ultra-luxury sheen ...
https://twitter.com/RitamApp/status/1559469147750547457,"Ritam App English on Twitter: ""Another Target Killing in ...","16-Aug-2022 —16-Aug-2022#KashmirFiles #Kashmir #Kashmiripandit #Islamisme ... brothers were shot by Terrorists in an Apple Orchard in Shopian district, Kashmir."
https://twitter.com/ANI/status/1467056105100484610?ref_src=twsrc%5Etfw,"ANI on Twitter: ""Jammu & Kashmir | In a joint operation by ...",Jammu & Kashmir | In a joint operation by Police along with Army and CRPF has arrested an active militant of Lashkar-i-Taiba outfit in Central Kashmir's ...
https://twitter.com/imraina/status/981490918468415488,"Suresh Raina on Twitter: ""Kashmir is an integral part of India ...",04-Apr-2018 —04-Apr-2018Kashmir is the pious land where my forefathers were born. I hope @SAfridiOfficial bhai asks Pakistan Army to stop terrorism and proxy war in ...
https://twitter.com/jmukmrpolice/status/1012237399047528448,"J&K Police on Twitter: ""#Kashmir Jammu and Kashmir Police ...","28-Jun-2018 —28-Jun-2018#Kashmir Jammu and Kashmir Police remembers it's Brave Martyrs HC Bashir Ahmad Zargar of Meminder, Shopian and SPO Manzoor Ahmad of Bharat, ..."
https://twitter.com/ani/status/1432267274468085768,"ANI on Twitter: ""Jammu and Kashmir - Twitter","Jammu and Kashmir | Members of Kashmiri Pandit community celebrate #Janmashtami in Srinagar. Image. 9:01 AM · Aug 30, 2021·Twitter Web App."
https://twitter.com/nehhakoul,Neha Koul (@nehhakoul) / Twitter,"Education Jammu, Jammu & Kashmir, India Joined June 2020 ... I am fortunate to be born as a Kashmiri Pandit but i am blessed to be born in city of temples ..."
https://twitter.com/oic_oci/status/1275050181189394432,"OIC on Twitter: ""The OIC Contact Group on #Jammu and ...",22-Jun-2020 —22-Jun-2020Secretary General: “#OIC is commited to finding a peaceful settlement for the #Jammu and #Kashmir issue as per the relevant resolutions of ...
https://twitter.com/LiveLawIndia/status/1196714225403482112,"Live Law on Twitter: ""#Kashmir Dave blaming the govt for the ...","Even if there were implications in terms of security, violations of legal rights could not be allowed, argues Dave refering to the judgment. #Kashmir."
https://twitter.com/shrisasb,Shri AMARNATHJI SHRINE BOARD SASB. - Twitter,*Helpline numbers for Amarnath Yatra:* NDRF: 011-23438252 011-23438253 Kashmir Divisional Helpline: 0194-2496240 Shrine Board Helpline: 0194-2313149.
https://twitter.com/barandbench/status/1174914844534853634?ref_src=twsrc%5Etfw,"Bar & Bench on Twitter: ""#Kashmir: Supreme Court issues ...",#Kashmir: Supreme Court seeks report from Juvenile Justice Committee of Jammu & Kashmir High Court in petition by @enakshihaq regarding detention children in ...
https://mobile.twitter.com/barandbench/status/1196693517617319936,"Bar & Bench on Twitter: ""#Kashmir: Bench rises for lunch ...","#Kashmir: Dave says it has been 106 days since restrictions have been imposed. ""Are you criticising the Supreme Court for the delay"", asks Justice NV Ramana ..."
https://twitter.com/barandbench/status/1196713343731617792?lang=ar-x-fm,"Twitter \ Bar & Bench on Twitter: ""#Kashmir: He (Dr. Ambedkar ...","#Kashmir: ""We are aware of the seriousness of the issue"", Justice Ramana. ""Frankly, even submissions of the Petitioners have been repetitive"", Justice BR Gavai."
https://twitter.com/radiochinar/status/1380056598500929536,"Radio Chinar on Twitter: ""#Kashmir has come a long way in ...",08-Apr-2021 —08-Apr-2021The Jammu & #Kashmir administration last week issued orders for the hoisting of tricolour at all government buildings and offices across ...
https://twitter.com/kashmirpolice/status/1195315606167252993,"Kashmir Zone Police on Twitter: ""#Congregational #Friday ...",#Congregational #Friday #prayers were offered across #Kashmir #valley #peacefully. Glimpse of Friday prayers at #Dargah #Hazratbal were large number of ...
https://twitter.com/deespeak/status/1358045322472161281,"Dia Mirza on Twitter: ""4G restored in #Kashmir after 550 days ...","06-Feb-2021 —06-Feb-202111341 days, and counting. Kashmiri pandits, and original kashmiri culture not restored."
https://twitter.com/oic_oci,OIC (@OIC_OCI) / Twitter,
https://twitter.com/jandktourism/status/919193609957789697,"Jammu & Kashmir Tourism on Twitter: ""Bangus Valley, North ...",14-Oct-2017 —14-Oct-2017U many Continue to Promote KASHMIR on Socaik media. Sadly someone like me who is abt to VST there. Gets no response u Guys. sad.
https://twitter.com/LiveLawIndia/status/1196676400217870336,"Live Law on Twitter: ""#Kashmir Ahmadi : Orders under 144 ...","#Kashmir SC bench headed by Justice Ramana starts hearing the petition against Kashmir shutdown Sr Adv Huzefa Ahmadi appearing for Journalists Union, ..."
https://twitter.com/KashmirPolice/status/1451141890296799233?ref_src=twsrc%5Etfw,"Kashmir Zone Police on Twitter: ""Seizing some bikes and ...",
https://twitter.com/AdityaRajKaul/status/1319314532380995584?ref_src=twsrc%5Etfw,"Aditya Raj Kaul on Twitter: ""This morning National Anthem in ...",22-Oct-2020 —22-Oct-2020This morning National Anthem in #Kashmir at the beginning of the event to mark 22nd October Black Day. This day in 1947 Pakistan attacked ...
https://twitter.com/IndiaToday/status/1459796381338636292,"IndiaToday on Twitter: ""#Kashmir: Local Muslims perform last ...",14-Nov-2021 —14-Nov-2021#Kashmir: Local Muslims perform last rites of Kashmiri Pandit. Watch this report by. @ashraf_wani . #Pulwama #ReporterDiary. Embedded video.
https://mobile.twitter.com/ANI/status/1453594523972423683,"ANI on Twitter: ""Jammu and Kashmir - Twitter","28-Oct-2021 —28-Oct-2021Union Minister Dr Jitendra Singh says 8 people have lost their lives in a road accident near Thatri in Doda, Jammu & Kashmir Just now spoke ..."
https://twitter.com/ungeneva/status/1362480754945527814,"UN Geneva on Twitter: ""#India #Kashmir Two ...",18-Feb-2021 —18-Feb-2021express concern over India's decision to end Jammu and Kashmir's autonomy and enact new laws could curtail the previous level of political ...
https://twitter.com/i/events/1158223706058944512,"Article 370 scrapped in Jammu and Kashmir ""at once"" - Twitter","Jammu and Kashmir will also be ""reorganised,"" said the Home Minister, with the state's bifurcation into two union territories, Jammu and Kashmir and Ladakh."
https://twitter.com/livelawindia/status/1191951426689351680?lang=bg,Live Law в Twitter: „#Kashmir The bench has started hearing ...,"#Kashmir The bench has started hearing the plea by Anuradha Bhasin, Kashmir Times Editor, against media blockade and internet shutdown in Kashmir # ..."
https://twitter.com/barandbench/status/1196729772270915585,"Bar & Bench on Twitter: ""#Kashmir: ""Centre has not argued yet ...","#Kashmir: He (Dr. Ambedkar) had faith in this institution. That whatever happens in Parliament, this Court will step in and protect individual liberty, ..."
https://twitter.com/kashmirpolice/status/1217421565265973249?lang=en,"Kashmir Zone Police on Twitter: ""#Kashmir #Police today ...",
https://twitter.com/chinarcorpsia/status/1285234245045108736,Chinar Corps - Twitter,20-Jul-2020 —20-Jul-2020Another son of #Kashmir is missing. Family of Azad Ah Shah (28) of #Bandipora appeals him to come back home.
https://twitter.com/jandktourism/status/956111861061246976?lang=bg,Jammu & Kashmir Tourism в Twitter: „The snow makes ...,True. Let Whole World know Natural Beauty of Kashmir ( and its peace loving creative people ) and we Indians are having responsibility to extend all support ...
https://twitter.com/ndtvfeed/status/1565150465934884865,"NDTV News feed on Twitter: ""Two Jaish Terrorists Killed In ...",4 hours ago —4 hours agoTwo Jaish Terrorists Killed In Overnight Encounter In Kashmir ...
https://twitter.com/AdityaRajKaul/status/1446040623740436480,"Aditya Raj Kaul on Twitter: ""I speak about barbaric killings of ...","07-Oct-2021 —07-Oct-2021I speak about barbaric killings of Kashmiri Hindus, Sikh & Dogra in Kashmir. Government has failed to provide security to minorities in ..."
https://twitter.com/htTweets/status/1562443755365339138,"Hindustan Times on Twitter: ""National Conference announces ...","24-Aug-2022 —24-Aug-2022National Conference announces it will contest on all 90 Assembly seats of Jammu and Kashmir when polls are held, reports PTI. Embedded video."
https://twitter.com/neelakantha,सुशील पंडित Sushil Pandit (@neelakantha) / Twitter,Imagine the pretexts on which massacres of #Hindus in #Kashmir were not prosecuted. It is such heinous crimes that even the #SupremeCourtOfIndia refused to ...
https://twitter.com/taran_adarsh,taran adarsh (@taran_adarsh) / Twitter,
https://mobile.twitter.com/MBanahali,Mudasir Banahali (@MBanahali) / Twitter,Mudasir Banahali. @MBanahali. Oppressed Kashmiri. Indian-occupied Kashmir Joined June 2022 ... A quick reminder in case you forgot: #Kashmir is not #India.
https://mobile.twitter.com/jkaphand,Jammu And Kashmir Apni Party Handwara - Twitter,"The Jammu and Kashmir Apni Party (JKAP) is a political party in Jammu and Kashmir, India, founded by Altaf Bukhari in March 2020. Handwara, Jammu & Kashmir ..."
https://mobile.twitter.com/DALuv_e_Kashmir/status/1557369629592276994,"Arshi Wani☃️Kaaju on Twitter: ""Classical example of Unity ...",10-Aug-2022 —10-Aug-2022Classical example of Unity in Diversity #Kashmiri #Muslims are chanting Om Shree Ganeshaye Namah - hindu bajans at their home in ...
https://twitter.com/rainaamit,अमित रैना Amit Raina 𑆃𑆩𑆴𑆠 𑆫𑆽𑆤𑆳 (@rainaamit) / Twitter,Hindu from Kashmir. Refugee in my own country. I have lost my home not my senses. Retweet not an endorsement. Former Banker. Activist. TV Panelist.
https://twitter.com/ndtv/status/1565151447955542021,"NDTV on Twitter: ""RT @ndtvfeed: Two Jaish Terrorists Killed ...",5 hours ago —5 hours agoTwo Jaish Terrorists Killed In Overnight Encounter In Kashmir ...
https://twitter.com/shashitharoor,Shashi Tharoor (@ShashiTharoor) / Twitter,
https://mobile.twitter.com/shubhsh53436449/status/1559787373348540416,"Himalyan_doc on Twitter: ""Bright future of Kashmir. Students ...","17-Aug-2022 —17-Aug-2022Bright future of Kashmir. Students of DAPP school carry out Band Display at Central Administrative Tribunal, Srinagar during Unfurling of ..."
https://twitter.com/kaalisudheers,Kaali Sudheer (@kaalisudheers) / Twitter,"Man Behind Kashmir Files & Kartikeya2 , the Producer : ABHISHEK AGARWAL. @AbhishekOfficl. The Vaish Community has always been pioneer in supporting Dharma, ..."
https://twitter.com/TurgayEvren1/status/1564631821727449089,"Turgay Evren on Twitter: ""As a Turkish songwriter, I've written ...","2 days ago —2 days agoAs a Turkish songwriter, I've written this song to let the world know about Syed Ali Geelani, the legendary Kashmiri leader!"
https://twitter.com/imranrezaansari,Imran Reza Ansari (@imranrezaansari) / Twitter,Dont understand why Dir Education is so adamant in keeping schools open in Kashmir even though he knows this variant of Covid 19 is infecting the children ...
https://mobile.twitter.com/IrshadK87646771/status/1563024371559514112,"خوشحال کشمیر کا سفر on Twitter: ""#IndianArmy conducted a ...","6 days ago —6 days ago#Kupwara #Kashmir #SaveWater #ProsperousKashmir #HumSayaHaiHum https://t.co/NL9fadBnzd"" / Twitter ..."
https://twitter.com/DALuv_e_Kashmir/status/1559887376662441984,"See @DALuv_e_Kashmir's Tweet on Aug 17, 2022 on Twitter ...","17-Aug-2022 —17-Aug-2022On #14Aug 2022, Pak had song & dance events as part of creation day. But song & dance banned in #Kashmir & #Afghanistan by Pak's proxies!!!"
https://twitter.com/madhurnangia/status/1564820526564278273/video/1,"madhurnangia.eth on Twitter: ""Gm fam View from kashmir ...","Gm fam View from kashmir #kaahmir #NFTs #NFTartist. Embedded video. 0:25. 60 views. 3:41 AM · Aug 31, 2022·Twitter for iPhone."
https://twitter.com/raqib_naik,Raqib Hameed Naik (@raqib_naik) / Twitter,Raqib Hameed Naik. @raqib_naik. Kashmiri | Journalist | Cook ‍ | Alum: @BoltonUni. Journalist United States Born October 6 Joined February 2015.
https://twitter.com/MushaalMullick/status/1565190555356872704/video/1,"Mushaal Hussein Mullick on Twitter: ""آج سید علی گیلانی کی ...","3 hours ago —3 hours ago... دی گئ #SyedAliGillani #Kashmir https://t.co/4Akj2n88jM"" / Twitter ... کا جنازہ پڑھنے کی بھی اجازت نہیں دی گئ #SyedAliGillani #Kashmir.... دی گئ #SyedAliGillani #Kashmirhttps://t.co/4Akj2n88jM"" / Twitter ... کا جنازہ پڑھنے کی بھی اجازت نہیں دی گئ #SyedAliGillani #Kashmir"
https://twitter.com/htTweets/status/1561600178138001408,"Hindustan Times on Twitter: ""National Conference president ...","22-Aug-2022 —22-Aug-2022Efforts of the NC and PDP to put up a united front against the ""inclusion of non-locals as voters"" in Jammu and Kashmir suffered a setback ..."
https://twitter.com/i/status/1558743282041364481,"Frankly Speaking on Twitter: ""Just by saying All well is no ...",14-Aug-2022 —14-Aug-2022Ongoing Protest in #Rawalakot Condemning yesterday's firing on Protestors and to release the arrested leaders. #AJK #Kashmir #LOC.
https://twitter.com/joyakhan_joya/status/1565187654693441537/video/1,"on Twitter: ""Truth cannot be suppressed for long. Pak army ...",5 hours ago —5 hours ago#PakArmyAtrocities has ruined Kashmir &amp; Kashmiri lives. #AyeshaSingh #INDvHK Janta Kee Awaaz - No More Injustice ...
https://twitter.com/appcsocialmedia/status/1565192690668535808,"APP on Twitter: ""PM remembers Syed Ali Gilani as “symbol” of ...",3 hours ago —3 hours agoPM remembers Syed Ali Gilani as “symbol” of Kashmir freedom #APPNews #KashmirisLivesMatter ...
https://twitter.com/arvindkejriwal,Arvind Kejriwal (@ArvindKejriwal) / Twitter,
https://twitter.com/BORDERFORCE4/status/1565202818482720769/video/1,"BORDER FORCE on Twitter: ""People of Pak Occupied ...",1 hour ago —1 hour agoPeople of Pak Occupied Kashmir are protesting against the atrocities of Pakistan Army. #ProtestsinPoJK #PakArmyAtrocities #Pakistan #INDvHK ...
https://twitter.com/i/status/1560277262544797698,"TIMES NOW on Twitter: ""#CrushAntiIndiaHate ""Unfortunately ...","18-Aug-2022 —18-Aug-2022#CrushAntiIndiaHate ""Unfortunately, Kashmir has turned into snakes and ladders game. The ladders are provided by Pakistan and the snakes by ..."
https://twitter.com/search?q=%23Gilani_Man_Of_Undefeatable_Resolve,#Gilani_Man_Of_Undefeatable_Resolve - Twitter Search ...,Geelani was well aware of the upcoming settler colonialism and demographic change in Kashmir. #Gilani_Man_Of_Undefeatable_Resolve.
https://twitter.com/India_To_Today/status/1565188373631094784/video/1,"INDIA TODAY on Twitter: ""Saddened by the atrocities of the ...","2 hours ago —2 hours ago... people there took to the streets to protest against the demand for independence in Dayal, Mirpur of Pakistan-occupied Jammu and Kashmir."
https://twitter.com/search?q=%23BikeRallyInKashmir,#BikeRallyInKashmir - Twitter Search / Twitter,#BikeRallyInKashmir #TourisminKashmir #KupwaraBikers This is the Kashmir that everyone dreamed of. Peace and Prosperity flourishing in the Valley again. More ...
https://twitter.com/DrSJaishankar/status/1560081762260484096?ref_src=twsrc%5Etfw,"Dr. S. Jaishankar on Twitter: ""Offered prayers this morning at ...",Replying to. @DrSJaishankar. The youth of Jammu Kashmir Is on roads since 36 days. Is this your New Jammu kashmir? #JusticeForFAASelectees.
https://twitter.com/askanshul/status/1563888424633143297,"Anshul Saxena on Twitter: ""1. Ex Pakistani cricketer Shahid ...","4 days ago —4 days ago3. Ex Pakistani cricketer Shahid Afridi's comment on Indian Army, Kashmir and Prime Minister of India."
https://twitter.com/appcsocialmedia/status/1565221718678978566,"APP on Twitter: ""Speaker @RPAPPP &amp; Deputy Speaker ...",3 hours ago —3 hours agopaid tribute to the iconic Kashmiri Hurriyat leader #SyedAliGilani on his first death anniversary. @NAofPakistan.
https://mobile.twitter.com/LageRahoKashmir/status/1562602194767343617,"Sunjay Vishvasrao on Twitter: ""#FailingPakistan due to ...","7 days ago —7 days ago... greed 4 #Kashmir and its impact on #Pakistan. Jago @GowharGeelani @SAAQQIIB @shangpal @Masratzahra https://t.co/PzhuvEtjpk"" / Twitter ..."
https://twitter.com/Iamsanjusingh1/status/1565194997925703680/video/1,"Sanju Singh on Twitter: ""#BreakingNews Pakistani ...","2 hours ago —2 hours ago... ""Janta Kee Awaaz"", Pakistani people are protesting outside the streets in Pakistan occupied #Kashmir for freedom from Pakistani army."
https://twitter.com/DilsaJangu/status/1564998584982212613,"Dilsa Jangu on Twitter: ""RT @Kashmir_Prime: #Bangladesh ...",15 hours ago —15 hours ago#Bangladesh hiking duty on #Apple import upsets #Kashmir growers Around 35% of Valley-based apple varieties land in #Dhaka Govt should Take ...
https://twitter.com/search?q=%23TourismInValley,#TourismInValley - Twitter Search / Twitter,#BikeRallyInKashmir #TourismInValley #KupwaraBikers #Kashmir #AUG22KT ... #BikeRallyInKashmir #TourismInValley #KupwaraBikers #Kashmir #AUG22KT.
https://twitter.com/lawbeatind,LawBeat (@LawBeatInd) / Twitter,Just In: Plea in Supreme Court seeks SIT probe into genocide of Hindus in Jammu & Kashmir. NGO 'We the Citizens' inter alia seeks directions to declare all ...
https://twitter.com/search?q=%23ProtestsinPoJK,#ProtestsinPoJK - Twitter Search / Twitter,"Educated Kashmiri people raising their voice against the atrocities being committed in Kashmir by Pakistan. Now Kashmiris will not sit silent, ..."
https://twitter.com/search?q=%23PakArmyAtrocities,#PakArmyAtrocities - Twitter Search / Twitter,P@k occupied Kashmir illegally but never tried to ensure rights to them & even #PakArmyatrocities increased many fold. May God free #Balochistan & #POJK ...
https://twitter.com/kamaalrkhan,Kamal Rashid Kumar (@kamaalrkhan) / Twitter,
https://twitter.com/reallyswara,Swara Bhasker (@ReallySwara) / Twitter,
https://twitter.com/dhruv_rathee,Dhruv Rathee (@dhruv_rathee) / Twitter,
https://twitter.com/kunalkamra88,Kunal Kamra (@kunalkamra88) / Twitter,
https://twitter.com/kfc_india,KFC India (@KFC_India) / Twitter,
https://twitter.com/rgvzoomin,Ram Gopal Varma (@RGVzoomin) / Twitter,
https://twitter.com/trichyfilms,Trichy Films (@TrichyFilms) / Twitter,
https://twitter.com/suhelseth,SUHEL SETH (@Suhelseth) / Twitter,
